[
null,
{"id":1,"battlerName":"Blonde Party 65","characterIndex":0,"characterName":"botp-character-sheet","classId":1,"equips":[1,1,2,3,0],"faceIndex":0,"faceName":"corporal-face-but-bigger","traits":[],"initialLevel":1,"maxLevel":99,"name":"Corporal","nickname":"","note":"","profile":""},
{"id":2,"battlerName":"Blonde Party 65","characterIndex":0,"characterName":"","classId":1,"equips":[1,1,2,3,0],"faceIndex":0,"faceName":"","traits":[],"initialLevel":1,"maxLevel":99,"name":"Aloosa","nickname":"","note":"","profile":""},
{"id":3,"battlerName":"Blonde Party 65","characterIndex":0,"characterName":"","classId":2,"equips":[2,1,2,3,0],"faceIndex":0,"faceName":"","traits":[],"initialLevel":1,"maxLevel":99,"name":"Hassan","nickname":"","note":"","profile":""},
{"id":4,"battlerName":"Blonde Party 65","characterIndex":0,"characterName":"","classId":2,"equips":[2,1,2,3,0],"faceIndex":0,"faceName":"","traits":[],"initialLevel":1,"maxLevel":99,"name":"Sergant","nickname":"","note":"","profile":""}
]