{
"autoplayBgm":false,"autoplayBgs":false,"battleback1Name":"","battleback2Name":"","bgm":{"name":"","pan":0,"pitch":100,"volume":90},"bgs":{"name":"","pan":0,"pitch":100,"volume":90},"disableDashing":false,"displayName":"","encounterList":[],"encounterStep":1,"height":13,"note":"","parallaxLoopX":false,"parallaxLoopY":false,"parallaxName":"","parallaxShow":true,"parallaxSx":0,"parallaxSy":0,"scrollType":0,"specifyBattleback":false,"tilesetId":3,"width":13,
"data":[0,0,0,0,0,0,0,0,0,0,0,0,0,0,0,0,0,0,0,0,0,0,0,0,0,0,0,0,0,0,0,0,0,0,0,0,0,0,0,0,0,0,0,0,0,0,0,0,0,0,0,0,0,0,0,0,0,0,0,0,0,0,0,0,0,0,0,0,0,0,0,0,0,0,0,0,0,0,0,0,0,0,0,0,0,0,0,0,0,0,0,0,0,0,0,0,0,0,0,0,0,0,0,0,0,0,0,0,0,0,0,0,0,0,0,0,0,0,0,0,0,0,0,0,0,0,0,0,0,0,0,0,0,0,0,0,0,0,0,0,0,0,0,0,0,0,0,0,0,0,0,0,0,0,0,0,0,0,0,0,0,0,4058,0,0,0,0,0,0,0,0,0,0,0,0,0,0,0,0,0,0,0,0,0,0,0,0,0,0,0,0,0,0,0,0,0,0,0,0,0,0,0,0,0,0,0,0,0,0,0,0,0,0,0,0,0,0,0,0,0,0,0,0,0,0,0,0,0,0,0,0,0,0,0,0,0,0,0,0,0,0,0,0,0,0,0,0,0,0,0,0,0,0,0,0,0,0,0,0,0,0,0,0,0,0,0,0,0,0,0,0,0,0,0,0,0,0,0,0,0,0,0,0,0,0,0,0,0,0,0,0,0,0,0,0,0,0,0,0,0,0,0,0,0,0,0,0,0,0,0,0,0,0,0,0,0,0,0,0,0,0,0,0,0,0,0,0,0,0,0,0,0,0,0,0,0,0,0,0,0,0,0,0,0,0,0,0,0,0,0,0,0,0,0,0,0,0,0,0,0,0,0,0,0,0,0,530,530,0,0,0,0,530,530,0,0,0,0,0,0,0,0,0,0,0,0,0,0,0,0,0,0,0,0,0,0,0,0,0,0,0,0,0,0,0,0,0,0,0,0,0,0,0,0,0,0,0,0,0,0,0,530,530,0,0,0,0,0,0,0,0,0,0,0,0,0,0,0,0,0,0,0,0,0,0,0,0,0,0,0,0,0,0,0,0,0,0,0,0,0,0,0,0,0,0,0,0,0,0,0,530,530,0,0,0,0,530,530,0,0,0,0,0,0,0,0,0,0,0,0,0,0,0,0,0,0,0,0,0,0,0,0,0,0,0,0,0,530,530,530,530,530,530,530,530,530,530,530,530,530,530,530,530,530,530,530,530,530,530,530,530,530,530,530,530,514,515,530,530,530,530,514,515,530,530,530,530,530,530,530,530,530,530,530,530,530,530,530,530,530,530,530,530,530,530,530,530,530,530,530,530,530,530,530,530,530,530,530,530,530,530,530,530,530,530,530,530,530,530,530,514,515,530,530,530,530,530,530,530,530,530,530,530,530,530,530,530,530,530,530,530,530,530,530,530,530,530,530,530,530,530,530,530,530,530,530,530,530,530,530,530,530,530,530,530,530,530,530,530,514,515,530,530,530,530,514,515,530,530,530,530,530,530,530,530,530,530,530,530,530,530,530,530,530,530,530,530,530,530,74,530,530,530,530,530,530,0,0,0,0,0,0,0,0,0,0,0,0,0,0,0,0,0,0,0,0,0,0,0,0,0,0,0,0,0,0,0,0,0,0,0,0,0,0,0,0,0,0,0,0,0,0,0,0,0,0,0,0,0,0,0,0,0,0,0,0,0,0,0,0,0,0,0,0,0,0,0,0,0,0,0,0,0,0,0,0,0,0,0,0,0,0,0,0,0,0,0,0,0,0,0,0,0,0,0,0,0,0,0,0,0,0,0,0,0,0,0,0,0,0,0,0,0,0,0,0,0,0,0,0,0,0,0,0,0,0,0,0,0,0,0,0,0,0,0,0,0,0,0,0,0,0,0,0,0,0,0,0,0,0,0,0,0,0,0,0,0,0,0,0,0,0,0,0,0,0,0,0,0,0,0,0,0,0,0,0,0,0,0,0,0,0,0,0,0,0,0,0,0,0,0,0,0,0,0,0,0,0,0,0,0,0,0,0,0,0,0,0,0,0,0,0,0,0,0,0,0,0,0,0,0,0,0,0,0,0,0,0,0,0,0,0,0,0,0,0,0,0,0,0,0,0,0,0,0,0,0,0,0,0,0,0,0,0,0,0,0,0,0,0,0,0,0,0,0,0,0,0,0,0,0,0,0,0,0,0,0,0,0,0,0,0,0,0,0,0,0,0,0,0,0,0,0,0,0,0,0,0,0,0,0,0,0,0,0,0,0,0,0,0,0,0,0,0,0,0,0,0,0,0,0,0,0,0,0,0,0,0,0,0,0,0,0,0],
"events":[
null,
{"id":1,"name":"EV001","note":"","pages":[{"conditions":{"actorId":1,"actorValid":false,"itemId":1,"itemValid":false,"selfSwitchCh":"A","selfSwitchValid":false,"switch1Id":18,"switch1Valid":true,"switch2Id":1,"switch2Valid":false,"variableId":1,"variableValid":false,"variableValue":0},"directionFix":true,"image":{"tileId":0,"characterName":"botp-character-sheet","direction":2,"pattern":1,"characterIndex":0},"list":[{"code":101,"indent":0,"parameters":["Hassan_Maybe",4,0,2]},{"code":401,"indent":0,"parameters":["Well I’m just so glad you all decided to "]},{"code":401,"indent":0,"parameters":["come!"]},{"code":101,"indent":0,"parameters":["Hassan_Maybe",4,0,2]},{"code":401,"indent":0,"parameters":["As most of you know, we’ve had an uptick "]},{"code":401,"indent":0,"parameters":["in activity recently. We’re going to figure "]},{"code":401,"indent":0,"parameters":["out exactly why that is."]},{"code":101,"indent":0,"parameters":["Hassan_Maybe",4,0,2]},{"code":401,"indent":0,"parameters":["We might not know what’s going on, but that "]},{"code":401,"indent":0,"parameters":["doesn’t mean that the other people out here "]},{"code":401,"indent":0,"parameters":["with us are also in the dark."]},{"code":101,"indent":0,"parameters":["Hassan_Maybe",4,0,2]},{"code":401,"indent":0,"parameters":["The hired guns over at Aegis might have "]},{"code":401,"indent":0,"parameters":["some information that we don’t, and of "]},{"code":401,"indent":0,"parameters":["course we’ve also got the King to talk to."]},{"code":101,"indent":0,"parameters":["Hassan_Maybe",4,0,2]},{"code":401,"indent":0,"parameters":["We’re going to go out and talk to each of "]},{"code":401,"indent":0,"parameters":["them, see if we can figure out just what "]},{"code":401,"indent":0,"parameters":["the hell is happening out here."]},{"code":101,"indent":0,"parameters":["Hassan_Maybe",4,0,2]},{"code":401,"indent":0,"parameters":["Are there any questions?"]},{"code":101,"indent":0,"parameters":["Hassan_Maybe",0,0,2]},{"code":401,"indent":0,"parameters":["ROE?"]},{"code":101,"indent":0,"parameters":["Hassan_Maybe",4,0,2]},{"code":401,"indent":0,"parameters":["Avoid engagement until we have better "]},{"code":401,"indent":0,"parameters":["intel. But keep each other safe out there."]},{"code":101,"indent":0,"parameters":["Hassan_Maybe",4,0,2]},{"code":401,"indent":0,"parameters":["Are they hitting us because we’re moving "]},{"code":401,"indent":0,"parameters":["the River?"]},{"code":101,"indent":0,"parameters":["Hassan_Maybe",4,0,2]},{"code":401,"indent":0,"parameters":["If we knew that we wouldn’t be "]},{"code":401,"indent":0,"parameters":["investigating, would we?"]},{"code":101,"indent":0,"parameters":["Hassan_Maybe",4,0,2]},{"code":401,"indent":0,"parameters":["Corporal, get your team and start gathering"]},{"code":401,"indent":0,"parameters":["intel."]},{"code":102,"indent":0,"parameters":[["We'll head to the Mercs.","We'll visit the village."],1,0,2,0]},{"code":402,"indent":0,"parameters":[0,"We'll head to the Mercs."]},{"code":101,"indent":1,"parameters":["Hassan_Maybe",4,0,2]},{"code":401,"indent":1,"parameters":["Now, if there isn’t anything else, it’s "]},{"code":401,"indent":1,"parameters":["time for us to get some nation building in. "]},{"code":221,"indent":1,"parameters":[]},{"code":201,"indent":1,"parameters":[0,8,7,5,4,0]},{"code":121,"indent":1,"parameters":[16,16,0]},{"code":0,"indent":1,"parameters":[]},{"code":402,"indent":0,"parameters":[1,"We'll visit the village."]},{"code":101,"indent":1,"parameters":["Hassan_Maybe",4,0,2]},{"code":401,"indent":1,"parameters":["Now, if there isn’t anything else, it’s "]},{"code":401,"indent":1,"parameters":["time for us to get some nation building in. "]},{"code":221,"indent":1,"parameters":[]},{"code":201,"indent":1,"parameters":[0,11,9,15,8,0]},{"code":222,"indent":1,"parameters":[]},{"code":121,"indent":1,"parameters":[25,25,0]},{"code":0,"indent":1,"parameters":[]},{"code":404,"indent":0,"parameters":[]},{"code":123,"indent":0,"parameters":["A",0]},{"code":0,"indent":0,"parameters":[]}],"moveFrequency":3,"moveRoute":{"list":[{"code":0,"parameters":[]}],"repeat":true,"skippable":false,"wait":false},"moveSpeed":3,"moveType":0,"priorityType":1,"stepAnime":false,"through":false,"trigger":3,"walkAnime":false},{"conditions":{"actorId":1,"actorValid":false,"itemId":1,"itemValid":false,"selfSwitchCh":"A","selfSwitchValid":true,"switch1Id":1,"switch1Valid":false,"switch2Id":1,"switch2Valid":false,"variableId":1,"variableValid":false,"variableValue":0},"directionFix":true,"image":{"tileId":0,"characterName":"botp-character-sheet","direction":2,"pattern":1,"characterIndex":0},"list":[{"code":0,"indent":0,"parameters":[]}],"moveFrequency":3,"moveRoute":{"list":[{"code":0,"parameters":[]}],"repeat":true,"skippable":false,"wait":false},"moveSpeed":3,"moveType":0,"priorityType":1,"stepAnime":false,"through":false,"trigger":0,"walkAnime":false}],"x":5,"y":5},
{"id":2,"name":"EV002","note":"","pages":[{"conditions":{"actorId":1,"actorValid":false,"itemId":1,"itemValid":false,"selfSwitchCh":"A","selfSwitchValid":false,"switch1Id":1,"switch1Valid":false,"switch2Id":1,"switch2Valid":false,"variableId":1,"variableValid":false,"variableValue":0},"directionFix":true,"image":{"tileId":0,"characterName":"botp-character-sheet","direction":2,"pattern":1,"characterIndex":0},"list":[{"code":0,"indent":0,"parameters":[]}],"moveFrequency":3,"moveRoute":{"list":[{"code":0,"parameters":[]}],"repeat":true,"skippable":false,"wait":false},"moveSpeed":3,"moveType":0,"priorityType":1,"stepAnime":false,"through":false,"trigger":0,"walkAnime":false}],"x":6,"y":5},
{"id":3,"name":"EV003","note":"","pages":[{"conditions":{"actorId":1,"actorValid":false,"itemId":1,"itemValid":false,"selfSwitchCh":"A","selfSwitchValid":false,"switch1Id":1,"switch1Valid":false,"switch2Id":1,"switch2Valid":false,"variableId":1,"variableValid":false,"variableValue":0},"directionFix":true,"image":{"tileId":0,"characterName":"botp-character-sheet","direction":6,"pattern":1,"characterIndex":0},"list":[{"code":0,"indent":0,"parameters":[]}],"moveFrequency":3,"moveRoute":{"list":[{"code":0,"parameters":[]}],"repeat":true,"skippable":false,"wait":false},"moveSpeed":3,"moveType":0,"priorityType":1,"stepAnime":false,"through":false,"trigger":0,"walkAnime":false}],"x":4,"y":6},
{"id":4,"name":"EV004","note":"","pages":[{"conditions":{"actorId":1,"actorValid":false,"itemId":1,"itemValid":false,"selfSwitchCh":"A","selfSwitchValid":false,"switch1Id":1,"switch1Valid":false,"switch2Id":1,"switch2Valid":false,"variableId":1,"variableValid":false,"variableValue":0},"directionFix":false,"image":{"characterIndex":0,"characterName":"","direction":2,"pattern":0,"tileId":0},"list":[{"code":201,"indent":0,"parameters":[0,1,14,17,2,0]},{"code":0,"indent":0,"parameters":[]}],"moveFrequency":3,"moveRoute":{"list":[{"code":0,"parameters":[]}],"repeat":true,"skippable":false,"wait":false},"moveSpeed":3,"moveType":0,"priorityType":0,"stepAnime":false,"through":false,"trigger":1,"walkAnime":true}],"x":6,"y":12}
]
}