{
"autoplayBgm":false,"autoplayBgs":false,"battleback1Name":"","battleback2Name":"","bgm":{"name":"","pan":0,"pitch":100,"volume":90},"bgs":{"name":"","pan":0,"pitch":100,"volume":90},"disableDashing":false,"displayName":"","encounterList":[],"encounterStep":1,"height":7,"note":"","parallaxLoopX":false,"parallaxLoopY":false,"parallaxName":"","parallaxShow":true,"parallaxSx":0,"parallaxSy":0,"scrollType":0,"specifyBattleback":false,"tilesetId":2,"width":7,
"data":[0,0,0,0,0,0,0,0,0,0,0,0,0,0,0,0,0,0,0,0,0,0,0,0,0,0,0,0,0,0,0,0,0,0,0,0,0,0,0,0,0,0,0,0,0,0,0,0,0,0,0,0,0,0,0,0,0,0,0,0,0,0,0,0,0,0,0,0,0,0,0,0,0,0,0,0,0,0,0,0,0,0,0,0,0,0,0,0,0,0,0,0,0,0,0,0,0,0,57,57,513,93,93,93,93,57,57,216,216,216,513,514,57,57,521,522,520,521,522,57,57,529,530,528,529,530,57,57,537,538,536,537,538,57,57,513,514,512,513,512,57,57,521,522,520,522,520,216,216,216,216,216,216,216,216,216,512,513,514,216,216,216,216,520,521,522,216,216,216,216,528,529,530,216,216,216,216,536,537,538,216,216,216,216,216,216,216,216,216,216,216,216,216,216,216,216,0,0,0,0,0,0,0,0,0,0,0,0,0,0,0,0,0,0,0,0,0,0,0,0,0,0,0,0,0,0,0,0,0,0,0,0,0,0,0,0,0,0,0,0,0,0,0,0,0,0,0,0,0,0,0,0,0,0,0,0,0,0,0,0,0,0,0,0,0,0,0,0,0,0,0,0,0,0,0,0,0,0,0,0,0,0,0,0,0,0,0,0,0,0,0,0,0,0],
"events":[
null,
{"id":1,"name":"EV001","note":"","pages":[{"conditions":{"actorId":1,"actorValid":false,"itemId":1,"itemValid":false,"selfSwitchCh":"A","selfSwitchValid":false,"switch1Id":1,"switch1Valid":false,"switch2Id":1,"switch2Valid":false,"variableId":1,"variableValid":false,"variableValue":0},"directionFix":true,"image":{"tileId":0,"characterName":"corp-night","direction":6,"pattern":1,"characterIndex":0},"list":[{"code":101,"indent":0,"parameters":["Poppies-portraits-7-26",0,0,2]},{"code":401,"indent":0,"parameters":["When I found out I was getting sent to "]},{"code":401,"indent":0,"parameters":["Afghanistan, I thought, “At least I’ll be "]},{"code":401,"indent":0,"parameters":["warm.”"]},{"code":101,"indent":0,"parameters":["Poppies-portraits-7-26",4,0,2]},{"code":401,"indent":0,"parameters":["It’s warmer than I’d be in prison."]},{"code":101,"indent":0,"parameters":["Poppies-portraits-7-26",0,0,2]},{"code":401,"indent":0,"parameters":["What did you do?"]},{"code":101,"indent":0,"parameters":["Poppies-portraits-7-26",4,0,2]},{"code":401,"indent":0,"parameters":["Same thing I’m doing here."]},{"code":101,"indent":0,"parameters":["Poppies-portraits-7-26",0,0,2]},{"code":401,"indent":0,"parameters":["Killing people?"]},{"code":101,"indent":0,"parameters":["Poppies-portraits-7-26",4,0,2]},{"code":401,"indent":0,"parameters":["No. Smoking and waiting for something to "]},{"code":401,"indent":0,"parameters":["happen."]},{"code":221,"indent":0,"parameters":[]},{"code":250,"indent":0,"parameters":[{"name":"GunReal1","volume":90,"pitch":100,"pan":0}]},{"code":201,"indent":0,"parameters":[0,3,16,12,0,0]},{"code":101,"indent":0,"parameters":["",0,2,1]},{"code":401,"indent":0,"parameters":["Dear Dad,"]},{"code":401,"indent":0,"parameters":[""]},{"code":401,"indent":0,"parameters":["Hope you’re doing well. "]},{"code":101,"indent":0,"parameters":["",0,2,1]},{"code":401,"indent":0,"parameters":[""]},{"code":401,"indent":0,"parameters":["I haven’t written in a while, but now I’ve finally got "]},{"code":401,"indent":0,"parameters":["a minute and some things to say. "]},{"code":101,"indent":0,"parameters":["",0,2,1]},{"code":401,"indent":0,"parameters":[""]},{"code":401,"indent":0,"parameters":["You wouldn’t know it, but there’s no such thing as a "]},{"code":401,"indent":0,"parameters":["day off here at Camp Leatherneck. "]},{"code":101,"indent":0,"parameters":["",0,2,1]},{"code":401,"indent":0,"parameters":[""]},{"code":401,"indent":0,"parameters":["Even when I’m not out on patrol, I’m helping out at the "]},{"code":401,"indent":0,"parameters":["motor pool and taking firewatch shifts."]},{"code":101,"indent":0,"parameters":["",0,2,1]},{"code":401,"indent":0,"parameters":[""]},{"code":401,"indent":0,"parameters":["Got to make sure that we’re well protected. Everyone "]},{"code":401,"indent":0,"parameters":["wants our sewage runoff. They call it Shit River."]},{"code":101,"indent":0,"parameters":["",0,2,1]},{"code":401,"indent":0,"parameters":[""]},{"code":401,"indent":0,"parameters":["Guess why."]},{"code":101,"indent":0,"parameters":["",0,2,1]},{"code":401,"indent":0,"parameters":[""]},{"code":401,"indent":0,"parameters":["Last time I was out on patrol, I caught some shrapnel "]},{"code":401,"indent":0,"parameters":["in the leg. I’m fine, though, in case you were going to "]},{"code":401,"indent":0,"parameters":["start worrying."]},{"code":101,"indent":0,"parameters":["",0,2,1]},{"code":401,"indent":0,"parameters":[""]},{"code":401,"indent":0,"parameters":["Just taking a few days so I can get back to walking on "]},{"code":401,"indent":0,"parameters":["it. I’d rather be out with my Marines right now."]},{"code":101,"indent":0,"parameters":["",0,2,1]},{"code":401,"indent":0,"parameters":[""]},{"code":401,"indent":0,"parameters":["I’m not gonna say that I wouldn’t rather be at "]},{"code":401,"indent":0,"parameters":["home."]},{"code":101,"indent":0,"parameters":["",0,2,1]},{"code":401,"indent":0,"parameters":[""]},{"code":401,"indent":0,"parameters":["You’ve got it really nice over there, I hope you "]},{"code":401,"indent":0,"parameters":["realize that.  "]},{"code":101,"indent":0,"parameters":["",0,2,1]},{"code":401,"indent":0,"parameters":[""]},{"code":401,"indent":0,"parameters":["But my Marines should be back from patrol right about "]},{"code":401,"indent":0,"parameters":["now, so I’ll write you again next time I get the "]},{"code":401,"indent":0,"parameters":["chance. "]},{"code":101,"indent":0,"parameters":["",0,2,1]},{"code":401,"indent":0,"parameters":[""]},{"code":401,"indent":0,"parameters":["- Your Firstborn Son"]},{"code":201,"indent":0,"parameters":[0,2,0,1,8,0]},{"code":211,"indent":0,"parameters":[1]},{"code":222,"indent":0,"parameters":[]},{"code":101,"indent":0,"parameters":["Poppies-portraits-7-26",3,0,2]},{"code":401,"indent":0,"parameters":["Time for gate duty."]},{"code":0,"indent":0,"parameters":[]}],"moveFrequency":3,"moveRoute":{"list":[{"code":0,"parameters":[]}],"repeat":true,"skippable":false,"wait":false},"moveSpeed":6,"moveType":0,"priorityType":1,"stepAnime":false,"through":false,"trigger":3,"walkAnime":false}],"x":2,"y":4},
{"id":2,"name":"EV002","note":"","pages":[{"conditions":{"actorId":1,"actorValid":false,"itemId":1,"itemValid":false,"selfSwitchCh":"A","selfSwitchValid":false,"switch1Id":1,"switch1Valid":false,"switch2Id":1,"switch2Valid":false,"variableId":1,"variableValid":false,"variableValue":0},"directionFix":false,"image":{"tileId":0,"characterName":"corp-night","direction":4,"pattern":1,"characterIndex":0},"list":[{"code":0,"indent":0,"parameters":[]}],"moveFrequency":3,"moveRoute":{"list":[{"code":0,"parameters":[]}],"repeat":true,"skippable":false,"wait":false},"moveSpeed":3,"moveType":0,"priorityType":1,"stepAnime":false,"through":false,"trigger":3,"walkAnime":false}],"x":4,"y":4}
]
}