{
"autoplayBgm":false,"autoplayBgs":false,"battleback1Name":"","battleback2Name":"","bgm":{"name":"","pan":0,"pitch":100,"volume":90},"bgs":{"name":"","pan":0,"pitch":100,"volume":90},"disableDashing":false,"displayName":"","encounterList":[],"encounterStep":30,"height":7,"note":"","parallaxLoopX":false,"parallaxLoopY":false,"parallaxName":"","parallaxShow":true,"parallaxSx":0,"parallaxSy":0,"scrollType":0,"specifyBattleback":false,"tilesetId":3,"width":8,
"data":[0,0,0,0,0,0,0,0,0,0,0,0,0,0,0,0,0,0,0,0,0,0,0,0,0,0,0,0,0,0,0,0,0,0,0,0,0,0,0,0,0,0,0,0,0,0,0,0,0,0,0,0,0,0,0,0,0,0,0,0,0,0,0,0,0,0,0,0,0,0,0,0,0,0,0,0,0,0,0,0,0,0,0,0,0,0,0,0,0,0,0,0,0,0,0,0,0,0,0,0,0,0,0,0,0,0,0,0,0,0,0,0,0,0,0,0,0,0,0,0,0,0,0,0,0,0,0,0,0,0,0,0,0,0,0,0,0,0,0,530,530,0,0,0,0,0,0,0,0,0,0,0,0,0,0,0,0,0,0,0,0,0,0,0,85,0,0,0,530,530,530,530,530,530,530,530,530,530,530,530,530,530,530,530,530,530,530,530,530,530,530,530,530,530,530,514,515,530,530,530,530,530,530,530,530,530,530,530,530,530,530,530,530,530,530,530,530,530,530,530,73,530,530,530,0,0,0,0,0,0,0,0,0,0,0,0,0,0,0,0,0,0,0,0,0,0,0,0,0,0,0,0,0,0,0,0,0,0,0,0,0,0,0,0,0,0,0,0,0,0,0,0,0,0,0,0,0,0,0,0,0,0,0,0,0,0,0,0,0,0,0,0,0,0,0,0,0,0,0,0,0,0,0,0,0,0,0,0,0,0,0,0,0,0,0,0,0,0,0,0,0,0,0,0,0,0,0,0,0,0,0,0,0,0,0,0],
"events":[
null,
{"id":1,"name":"EV001","note":"","pages":[{"conditions":{"actorId":1,"actorValid":false,"itemId":1,"itemValid":false,"selfSwitchCh":"A","selfSwitchValid":false,"switch1Id":1,"switch1Valid":false,"switch2Id":1,"switch2Valid":false,"variableId":1,"variableValid":false,"variableValue":0},"directionFix":true,"image":{"tileId":0,"characterName":"PMC-Soldier","direction":2,"pattern":1,"characterIndex":0},"list":[{"code":0,"indent":0,"parameters":[]}],"moveFrequency":3,"moveRoute":{"list":[{"code":0,"parameters":[]}],"repeat":true,"skippable":false,"wait":false},"moveSpeed":3,"moveType":0,"priorityType":1,"stepAnime":false,"through":false,"trigger":0,"walkAnime":false}],"x":3,"y":2},
{"id":2,"name":"EV002","note":"","pages":[{"conditions":{"actorId":1,"actorValid":false,"itemId":1,"itemValid":false,"selfSwitchCh":"A","selfSwitchValid":false,"switch1Id":18,"switch1Valid":true,"switch2Id":1,"switch2Valid":false,"variableId":1,"variableValid":false,"variableValue":0},"directionFix":false,"image":{"characterIndex":0,"characterName":"","direction":2,"pattern":0,"tileId":0},"list":[{"code":101,"indent":0,"parameters":["Poppies-portraits-7-26",0,0,2]},{"code":401,"indent":0,"parameters":["Hello. You’re the Marines across the lake. "]},{"code":401,"indent":0,"parameters":["Towa, pour them each a glass."]},{"code":101,"indent":0,"parameters":["Poppies-portraits-7-26",1,0,2]},{"code":401,"indent":0,"parameters":["Hmm."]},{"code":101,"indent":0,"parameters":["Hassan_Maybe",4,0,2]},{"code":401,"indent":0,"parameters":["No, thank you. I have acid--"]},{"code":101,"indent":0,"parameters":["Poppies-portraits-7-26",1,0,2]},{"code":401,"indent":0,"parameters":["Don’t be like that. It’s stronger than the "]},{"code":401,"indent":0,"parameters":["tea, but not by much."]},{"code":101,"indent":0,"parameters":["Hassan_Maybe",4,0,2]},{"code":401,"indent":0,"parameters":["No. Thank you."]},{"code":101,"indent":0,"parameters":["portraits-cfig",3,0,2]},{"code":401,"indent":0,"parameters":["I didn’t say I didn’t want any."]},{"code":101,"indent":0,"parameters":["Hassan_Maybe",4,0,2]},{"code":401,"indent":0,"parameters":["…"]},{"code":101,"indent":0,"parameters":["Poppies-portraits-7-26",1,0,2]},{"code":401,"indent":0,"parameters":["Your sergeant has good discipline."]},{"code":101,"indent":0,"parameters":["Poppies-portraits-7-26",3,0,2]},{"code":401,"indent":0,"parameters":["Thank you."]},{"code":101,"indent":0,"parameters":["Poppies-portraits-7-26",0,0,2]},{"code":401,"indent":0,"parameters":["I try to be very selective in the battles I "]},{"code":401,"indent":0,"parameters":["fight with my troops. "]},{"code":101,"indent":0,"parameters":["Poppies-portraits-7-26",0,0,2]},{"code":401,"indent":0,"parameters":["But then again, my branding is not quite as "]},{"code":401,"indent":0,"parameters":["careful as the Marine Corps’."]},{"code":101,"indent":0,"parameters":["Poppies-portraits-7-26",1,0,2]},{"code":401,"indent":0,"parameters":["Honor, loyalty, a comic book color scheme."]},{"code":101,"indent":0,"parameters":["Poppies-portraits-7-26",0,0,2]},{"code":401,"indent":0,"parameters":["That is enough, Towa."]},{"code":101,"indent":0,"parameters":["Poppies-portraits-7-26",0,0,2]},{"code":401,"indent":0,"parameters":["Sergeant, Corporal, You’re not here for "]},{"code":401,"indent":0,"parameters":["wine, and I doubt you wanted to welcome us "]},{"code":401,"indent":0,"parameters":["to the neighborhood."]},{"code":101,"indent":0,"parameters":["portraits-cfig",3,0,2]},{"code":401,"indent":0,"parameters":["Sure we are."]},{"code":101,"indent":0,"parameters":["Hassan_Maybe",4,0,2]},{"code":401,"indent":0,"parameters":["And neighbors help each other, yeah?"]},{"code":101,"indent":0,"parameters":["Poppies-portraits-7-26",1,0,2]},{"code":401,"indent":0,"parameters":["They probably should."]},{"code":101,"indent":0,"parameters":["Poppies-portraits-7-26",3,0,2]},{"code":401,"indent":0,"parameters":["Like training the locals?"]},{"code":101,"indent":0,"parameters":["Poppies-portraits-7-26",1,0,2]},{"code":401,"indent":0,"parameters":["You’re very well-informed, for a corporal."]},{"code":101,"indent":0,"parameters":["Poppies-portraits-7-26",3,0,2]},{"code":401,"indent":0,"parameters":["I wouldn’t mind being better-informed."]},{"code":101,"indent":0,"parameters":["Poppies-portraits-7-26",1,0,2]},{"code":401,"indent":0,"parameters":["I’m sure."]},{"code":101,"indent":0,"parameters":["Poppies-portraits-7-26",0,0,2]},{"code":401,"indent":0,"parameters":["You’re the USMC: you don’t need anything "]},{"code":401,"indent":0,"parameters":["from us."]},{"code":101,"indent":0,"parameters":["Hassan_Maybe",4,0,2]},{"code":401,"indent":0,"parameters":["Maybe, but it would be nice to continue our "]},{"code":401,"indent":0,"parameters":["working relationship."]},{"code":101,"indent":0,"parameters":["Poppies-portraits-7-26",3,0,2]},{"code":401,"indent":0,"parameters":["And we’d be dead if you hadn’t helped us "]},{"code":401,"indent":0,"parameters":["out in the fight."]},{"code":101,"indent":0,"parameters":["Poppies-portraits-7-26",1,0,2]},{"code":401,"indent":0,"parameters":["Don’t forget the tow."]},{"code":101,"indent":0,"parameters":["Poppies-portraits-7-26",3,0,2]},{"code":401,"indent":0,"parameters":["Right."]},{"code":101,"indent":0,"parameters":["Poppies-portraits-7-26",0,0,2]},{"code":401,"indent":0,"parameters":["Let me show you something."]},{"code":121,"indent":0,"parameters":[13,13,0]},{"code":230,"indent":0,"parameters":[120]},{"code":101,"indent":0,"parameters":["Poppies-portraits-7-26",3,0,2]},{"code":401,"indent":0,"parameters":["Now what?"]},{"code":101,"indent":0,"parameters":["Poppies-portraits-7-26",1,0,2]},{"code":401,"indent":0,"parameters":["You follow the mama duck."]},{"code":201,"indent":0,"parameters":[0,7,9,7,0,0]},{"code":121,"indent":0,"parameters":[19,19,0]},{"code":123,"indent":0,"parameters":["A",0]},{"code":0,"indent":0,"parameters":[]}],"moveFrequency":3,"moveRoute":{"list":[{"code":0,"parameters":[]}],"repeat":true,"skippable":false,"wait":false},"moveSpeed":3,"moveType":0,"priorityType":0,"stepAnime":false,"through":false,"trigger":3,"walkAnime":true},{"conditions":{"actorId":1,"actorValid":false,"itemId":1,"itemValid":false,"selfSwitchCh":"A","selfSwitchValid":true,"switch1Id":1,"switch1Valid":false,"switch2Id":1,"switch2Valid":false,"variableId":1,"variableValid":false,"variableValue":0},"directionFix":false,"image":{"characterIndex":0,"characterName":"","direction":2,"pattern":0,"tileId":0},"list":[{"code":0,"indent":0,"parameters":[]}],"moveFrequency":3,"moveRoute":{"list":[{"code":0,"parameters":[]}],"repeat":true,"skippable":false,"wait":false},"moveSpeed":3,"moveType":0,"priorityType":0,"stepAnime":false,"through":false,"trigger":0,"walkAnime":true}],"x":5,"y":2},
{"id":3,"name":"EV003","note":"","pages":[{"conditions":{"actorId":1,"actorValid":false,"itemId":1,"itemValid":false,"selfSwitchCh":"A","selfSwitchValid":false,"switch1Id":1,"switch1Valid":false,"switch2Id":1,"switch2Valid":false,"variableId":1,"variableValid":false,"variableValue":0},"directionFix":false,"image":{"tileId":0,"characterName":"botp-character-sheet","direction":8,"pattern":1,"characterIndex":0},"list":[{"code":0,"indent":0,"parameters":[]}],"moveFrequency":3,"moveRoute":{"list":[{"code":0,"parameters":[]}],"repeat":true,"skippable":false,"wait":false},"moveSpeed":3,"moveType":0,"priorityType":1,"stepAnime":false,"through":false,"trigger":0,"walkAnime":true}],"x":3,"y":4},
{"id":4,"name":"EV004","note":"","pages":[{"conditions":{"actorId":1,"actorValid":false,"itemId":1,"itemValid":false,"selfSwitchCh":"A","selfSwitchValid":false,"switch1Id":28,"switch1Valid":true,"switch2Id":1,"switch2Valid":false,"variableId":1,"variableValid":false,"variableValue":0},"directionFix":false,"image":{"characterIndex":0,"characterName":"","direction":2,"pattern":0,"tileId":0},"list":[{"code":101,"indent":0,"parameters":["Poppies-portraits-7-26",0,0,2]},{"code":401,"indent":0,"parameters":["Hello. You’re the Marines across the lake. "]},{"code":401,"indent":0,"parameters":["Towa, pour them each a glass."]},{"code":101,"indent":0,"parameters":["Poppies-portraits-7-26",1,0,2]},{"code":401,"indent":0,"parameters":["Hmm."]},{"code":101,"indent":0,"parameters":["Hassan_Maybe",4,0,2]},{"code":401,"indent":0,"parameters":["No, thank you. I have acid--"]},{"code":101,"indent":0,"parameters":["Poppies-portraits-7-26",1,0,2]},{"code":401,"indent":0,"parameters":["Don’t be like that. It’s stronger than the "]},{"code":401,"indent":0,"parameters":["tea, but not by much."]},{"code":101,"indent":0,"parameters":["Hassan_Maybe",4,0,2]},{"code":401,"indent":0,"parameters":["No. Thank you."]},{"code":101,"indent":0,"parameters":["portraits-cfig",3,0,2]},{"code":401,"indent":0,"parameters":["I didn’t say I didn’t want any."]},{"code":101,"indent":0,"parameters":["Hassan_Maybe",4,0,2]},{"code":401,"indent":0,"parameters":["…"]},{"code":101,"indent":0,"parameters":["Poppies-portraits-7-26",1,0,2]},{"code":401,"indent":0,"parameters":["Your sergeant has good discipline."]},{"code":101,"indent":0,"parameters":["Poppies-portraits-7-26",3,0,2]},{"code":401,"indent":0,"parameters":["Thank you."]},{"code":101,"indent":0,"parameters":["Poppies-portraits-7-26",0,0,2]},{"code":401,"indent":0,"parameters":["I try to be very selective in the battles I "]},{"code":401,"indent":0,"parameters":["fight with my troops. "]},{"code":101,"indent":0,"parameters":["Poppies-portraits-7-26",0,0,2]},{"code":401,"indent":0,"parameters":["But then again, my branding is not quite as "]},{"code":401,"indent":0,"parameters":["careful as the Marine Corps’."]},{"code":101,"indent":0,"parameters":["Poppies-portraits-7-26",1,0,2]},{"code":401,"indent":0,"parameters":["Honor, loyalty, a comic book color scheme."]},{"code":101,"indent":0,"parameters":["Poppies-portraits-7-26",0,0,2]},{"code":401,"indent":0,"parameters":["That is enough, Towa."]},{"code":101,"indent":0,"parameters":["Poppies-portraits-7-26",0,0,2]},{"code":401,"indent":0,"parameters":["Sergeant, Corporal, You’re not here for "]},{"code":401,"indent":0,"parameters":["wine, and I doubt you wanted to welcome us "]},{"code":401,"indent":0,"parameters":["to the neighborhood."]},{"code":101,"indent":0,"parameters":["portraits-cfig",3,0,2]},{"code":401,"indent":0,"parameters":["Sure we are."]},{"code":101,"indent":0,"parameters":["Hassan_Maybe",4,0,2]},{"code":401,"indent":0,"parameters":["And neighbors help each other, yeah?"]},{"code":101,"indent":0,"parameters":["Poppies-portraits-7-26",1,0,2]},{"code":401,"indent":0,"parameters":["They probably should."]},{"code":101,"indent":0,"parameters":["Poppies-portraits-7-26",3,0,2]},{"code":401,"indent":0,"parameters":["Like training the locals?"]},{"code":101,"indent":0,"parameters":["Poppies-portraits-7-26",1,0,2]},{"code":401,"indent":0,"parameters":["You’re very well-informed, for a corporal."]},{"code":101,"indent":0,"parameters":["Poppies-portraits-7-26",3,0,2]},{"code":401,"indent":0,"parameters":["I wouldn’t mind being better-informed."]},{"code":101,"indent":0,"parameters":["Poppies-portraits-7-26",1,0,2]},{"code":401,"indent":0,"parameters":["I’m sure."]},{"code":101,"indent":0,"parameters":["Poppies-portraits-7-26",0,0,2]},{"code":401,"indent":0,"parameters":["You’re the USMC: you don’t need anything "]},{"code":401,"indent":0,"parameters":["from us."]},{"code":101,"indent":0,"parameters":["Hassan_Maybe",4,0,2]},{"code":401,"indent":0,"parameters":["Maybe, but it would be nice to continue our "]},{"code":401,"indent":0,"parameters":["working relationship."]},{"code":101,"indent":0,"parameters":["Poppies-portraits-7-26",3,0,2]},{"code":401,"indent":0,"parameters":["And we’d be dead if you hadn’t helped us "]},{"code":401,"indent":0,"parameters":["out in the fight."]},{"code":101,"indent":0,"parameters":["Poppies-portraits-7-26",1,0,2]},{"code":401,"indent":0,"parameters":["Don’t forget the tow."]},{"code":101,"indent":0,"parameters":["Poppies-portraits-7-26",3,0,2]},{"code":401,"indent":0,"parameters":["Right."]},{"code":101,"indent":0,"parameters":["Poppies-portraits-7-26",0,0,2]},{"code":401,"indent":0,"parameters":["Let me show you something."]},{"code":121,"indent":0,"parameters":[13,13,0]},{"code":230,"indent":0,"parameters":[120]},{"code":101,"indent":0,"parameters":["Poppies-portraits-7-26",3,0,2]},{"code":401,"indent":0,"parameters":["Now what?"]},{"code":101,"indent":0,"parameters":["Poppies-portraits-7-26",1,0,2]},{"code":401,"indent":0,"parameters":["You follow the mama duck."]},{"code":201,"indent":0,"parameters":[0,7,9,7,0,0]},{"code":121,"indent":0,"parameters":[29,29,0]},{"code":123,"indent":0,"parameters":["A",0]},{"code":0,"indent":0,"parameters":[]}],"moveFrequency":3,"moveRoute":{"list":[{"code":0,"parameters":[]}],"repeat":true,"skippable":false,"wait":false},"moveSpeed":3,"moveType":0,"priorityType":0,"stepAnime":false,"through":false,"trigger":3,"walkAnime":true},{"conditions":{"actorId":1,"actorValid":false,"itemId":1,"itemValid":false,"selfSwitchCh":"A","selfSwitchValid":true,"switch1Id":1,"switch1Valid":false,"switch2Id":1,"switch2Valid":false,"variableId":1,"variableValid":false,"variableValue":0},"directionFix":false,"image":{"characterIndex":0,"characterName":"","direction":2,"pattern":0,"tileId":0},"list":[{"code":0,"indent":0,"parameters":[]}],"moveFrequency":3,"moveRoute":{"list":[{"code":0,"parameters":[]}],"repeat":true,"skippable":false,"wait":false},"moveSpeed":3,"moveType":0,"priorityType":0,"stepAnime":false,"through":false,"trigger":0,"walkAnime":true}],"x":6,"y":2},
{"id":5,"name":"EV005","note":"","pages":[{"conditions":{"actorId":1,"actorValid":false,"itemId":1,"itemValid":false,"selfSwitchCh":"A","selfSwitchValid":false,"switch1Id":13,"switch1Valid":false,"switch2Id":1,"switch2Valid":false,"variableId":1,"variableValid":false,"variableValue":0},"directionFix":true,"image":{"tileId":0,"characterName":"vera-walking-sequence","direction":2,"pattern":1,"characterIndex":0},"list":[{"code":211,"indent":0,"parameters":[1]},{"code":111,"indent":0,"parameters":[0,13,0]},{"code":205,"indent":1,"parameters":[0,{"list":[{"code":3,"indent":null},{"code":1,"indent":null},{"code":1,"indent":null},{"code":1,"indent":null},{"code":2,"indent":null},{"code":1,"indent":null},{"code":0}],"repeat":false,"skippable":true,"wait":true}]},{"code":505,"indent":1,"parameters":[{"code":3,"indent":null}]},{"code":505,"indent":1,"parameters":[{"code":1,"indent":null}]},{"code":505,"indent":1,"parameters":[{"code":1,"indent":null}]},{"code":505,"indent":1,"parameters":[{"code":1,"indent":null}]},{"code":505,"indent":1,"parameters":[{"code":2,"indent":null}]},{"code":505,"indent":1,"parameters":[{"code":1,"indent":null}]},{"code":0,"indent":1,"parameters":[]},{"code":412,"indent":0,"parameters":[]},{"code":121,"indent":0,"parameters":[13,13,1]},{"code":123,"indent":0,"parameters":["A",0]},{"code":0,"indent":0,"parameters":[]}],"moveFrequency":3,"moveRoute":{"list":[{"code":0,"parameters":[]}],"repeat":true,"skippable":false,"wait":false},"moveSpeed":3,"moveType":0,"priorityType":1,"stepAnime":false,"through":false,"trigger":4,"walkAnime":true},{"conditions":{"actorId":1,"actorValid":false,"itemId":1,"itemValid":false,"selfSwitchCh":"A","selfSwitchValid":true,"switch1Id":1,"switch1Valid":false,"switch2Id":1,"switch2Valid":false,"variableId":1,"variableValid":false,"variableValue":0},"directionFix":false,"image":{"tileId":0,"characterName":"vera-walking-sequence","direction":2,"pattern":1,"characterIndex":0},"list":[{"code":0,"indent":0,"parameters":[]}],"moveFrequency":3,"moveRoute":{"list":[{"code":0,"parameters":[]}],"repeat":true,"skippable":false,"wait":false},"moveSpeed":3,"moveType":0,"priorityType":1,"stepAnime":false,"through":false,"trigger":0,"walkAnime":true}],"x":4,"y":2}
]
}