[
null,
{"id":1,"expanded":true,"name":"Camp (Exterior)","order":1,"parentId":0,"scrollX":890.25,"scrollY":1208.25},
{"id":2,"expanded":true,"name":"Tent (Interior)","order":2,"parentId":1,"scrollX":663.75,"scrollY":512.25},
{"id":3,"expanded":false,"name":"Intro (Dad's Letter)","order":3,"parentId":2,"scrollX":663.75,"scrollY":512.25},
{"id":4,"expanded":true,"name":"Aegis Camp","order":5,"parentId":0,"scrollX":836.25,"scrollY":507.75},
{"id":5,"expanded":true,"name":"Meeting (Interior)","order":4,"parentId":2,"scrollX":663.75,"scrollY":512.25},
{"id":6,"expanded":false,"name":"Prologue","order":9,"parentId":0,"scrollX":663.75,"scrollY":512.25},
{"id":7,"expanded":true,"name":"School","order":6,"parentId":4,"scrollX":663.75,"scrollY":512.25},
{"id":8,"expanded":false,"name":"Ambush","order":8,"parentId":4,"scrollX":663.75,"scrollY":512.25},
{"id":9,"expanded":false,"name":"In a hut","order":11,"parentId":11,"scrollX":663.75,"scrollY":512.25},
{"id":10,"expanded":false,"name":"Vera's Tent","order":7,"parentId":4,"scrollX":663.75,"scrollY":512.25},
{"id":11,"expanded":true,"name":"Shit River","order":10,"parentId":0,"scrollX":663.75,"scrollY":512.25}
]