[
null,
{"id":1,"members":[{"enemyId":1,"x":312,"y":436,"hidden":false},{"enemyId":1,"x":232,"y":346,"hidden":false},{"enemyId":1,"x":392,"y":352,"hidden":false},{"enemyId":1,"x":456,"y":436,"hidden":false}],"name":"Taliban*4","pages":[{"conditions":{"actorHp":50,"actorId":1,"actorValid":false,"enemyHp":50,"enemyIndex":0,"enemyValid":false,"switchId":1,"switchValid":false,"turnA":0,"turnB":0,"turnEnding":false,"turnValid":false},"list":[{"code":283,"indent":0,"parameters":["Sand",""]},{"code":0,"indent":0,"parameters":[]}],"span":0}]},
{"id":2,"members":[{"enemyId":1,"x":201,"y":444,"hidden":false},{"enemyId":1,"x":337,"y":444,"hidden":false},{"enemyId":1,"x":230,"y":367,"hidden":false},{"enemyId":1,"x":405,"y":370,"hidden":false},{"enemyId":1,"x":472,"y":436,"hidden":false},{"enemyId":1,"x":473,"y":322,"hidden":false},{"enemyId":1,"x":327,"y":334,"hidden":false},{"enemyId":1,"x":129,"y":355,"hidden":false}],"name":"Taliban*A lot","pages":[{"conditions":{"actorHp":50,"actorId":1,"actorValid":false,"enemyHp":50,"enemyIndex":0,"enemyValid":false,"switchId":1,"switchValid":false,"turnA":10,"turnB":22,"turnEnding":false,"turnValid":false},"list":[{"code":283,"indent":0,"parameters":["Sand",""]},{"code":0,"indent":0,"parameters":[]}],"span":0},{"conditions":{"actorHp":50,"actorId":1,"actorValid":false,"enemyHp":50,"enemyIndex":0,"enemyValid":false,"switchId":1,"switchValid":false,"turnA":5,"turnB":0,"turnEnding":false,"turnValid":true},"list":[{"code":335,"indent":0,"parameters":[0]},{"code":335,"indent":0,"parameters":[0]},{"code":335,"indent":0,"parameters":[2]},{"code":334,"indent":0,"parameters":[-1]},{"code":335,"indent":0,"parameters":[1]},{"code":101,"indent":0,"parameters":["corporal-face-but-bigger",0,0,2]},{"code":401,"indent":0,"parameters":["Fuck there's too many!"]},{"code":101,"indent":0,"parameters":["portraits-cfig",2,0,2]},{"code":401,"indent":0,"parameters":["Calm your tits."]},{"code":331,"indent":0,"parameters":[-1,1,0,999,true]},{"code":340,"indent":0,"parameters":[]},{"code":0,"indent":0,"parameters":[]}],"span":0}]},
{"id":3,"members":[],"name":"","pages":[{"conditions":{"actorHp":50,"actorId":1,"actorValid":false,"enemyHp":50,"enemyIndex":0,"enemyValid":false,"switchId":1,"switchValid":false,"turnA":0,"turnB":0,"turnEnding":false,"turnValid":false},"list":[{"code":0,"indent":0,"parameters":[]}],"span":0}]},
{"id":4,"members":[],"name":"","pages":[{"conditions":{"actorHp":50,"actorId":1,"actorValid":false,"enemyHp":50,"enemyIndex":0,"enemyValid":false,"switchId":1,"switchValid":false,"turnA":0,"turnB":0,"turnEnding":false,"turnValid":false},"list":[{"code":0,"indent":0,"parameters":[]}],"span":0}]}
]